Year,Avg_Close
2004,3.7808602978723385
2005,6.918046638888886
2006,10.24124580079681
2007,13.418465231075697
2008,11.577903545454536
2009,10.951160710317463
2010,13.340573615079357
2011,14.171236888888894
2012,16.010401103999993
2013,22.023518888888887
2014,27.990164488095253
2015,30.10028400396826
2016,37.17433539285715
2017,46.089041784860555
2018,55.66125709561752
2019,59.41965281746033
2020,74.07019059683795
2021,125.5306867023809
2022,115.19371908764943
2023,118.28821910729613
